"sessionID","order"
50001,"n"
50002,"y"
50003,"n"
50004,"y"
50005,"y"
50006,"n"
50007,"y"
50008,"y"
50009,"n"
50010,"y"
50011,"n"
50012,"n"
50013,"y"
50014,"n"
50015,"n"
50016,"n"
50017,"n"
50018,"y"
50019,"y"
50020,"y"
50021,"y"
50022,"n"
50023,"n"
50024,"n"
50025,"y"
50026,"y"
50027,"y"
50028,"y"
50029,"y"
50030,"n"
50031,"n"
50032,"y"
50033,"n"
50034,"n"
50035,"n"
50036,"y"
50037,"n"
50038,"y"
50039,"y"
50040,"n"
50041,"y"
50042,"n"
50043,"n"
50044,"n"
50045,"n"
50046,"y"
50047,"y"
50048,"n"
50049,"y"
50050,"n"
50051,"y"
50052,"n"
50053,"n"
50054,"y"
50055,"y"
50056,"y"
50057,"n"
50058,"n"
50059,"n"
50060,"y"
50061,"n"
50062,"n"
50063,"n"
50064,"n"
50065,"n"
50066,"y"
50067,"n"
50068,"n"
50069,"n"
50070,"y"
50071,"n"
50072,"n"
50073,"y"
50074,"n"
50075,"y"
50076,"n"
50077,"n"
50078,"n"
50079,"n"
50080,"y"
50081,"y"
50082,"y"
50083,"y"
50084,"y"
50085,"y"
50086,"y"
50087,"n"
50088,"n"
50089,"n"
50090,"y"
50091,"y"
50092,"n"
50093,"y"
50094,"y"
50095,"n"
50096,"y"
50097,"y"
50098,"n"
50099,"n"
50100,"y"
50101,"n"
50102,"y"
50103,"y"
50104,"n"
50105,"n"
50106,"y"
50107,"n"
50108,"n"
50109,"y"
50110,"n"
50111,"y"
50112,"n"
50113,"n"
50114,"n"
50115,"y"
50116,"y"
50117,"y"
50118,"n"
50119,"n"
50120,"y"
50121,"y"
50122,"n"
50123,"y"
50124,"n"
50125,"n"
50126,"y"
50127,"y"
50128,"n"
50129,"n"
50130,"n"
50131,"y"
50132,"n"
50133,"n"
50134,"n"
50135,"y"
50136,"n"
50137,"n"
50138,"y"
50139,"n"
50140,"y"
50141,"n"
50142,"n"
50143,"n"
50144,"y"
50145,"n"
50146,"y"
50147,"y"
50148,"y"
50149,"n"
50150,"n"
50151,"y"
50152,"y"
50153,"y"
50154,"y"
50155,"n"
50156,"y"
50157,"y"
50158,"n"
50159,"y"
50160,"y"
50161,"n"
50162,"y"
50163,"n"
50164,"y"
50165,"n"
50166,"n"
50167,"n"
50168,"y"
50169,"n"
50170,"y"
50171,"y"
50172,"y"
50173,"n"
50174,"n"
50175,"y"
50176,"n"
50177,"n"
50178,"n"
50179,"y"
50180,"n"
50181,"n"
50182,"y"
50183,"y"
50184,"n"
50185,"n"
50186,"y"
50187,"y"
50188,"y"
50189,"n"
50190,"y"
50191,"n"
50192,"n"
50193,"y"
50194,"n"
50195,"n"
50196,"n"
50197,"n"
50198,"n"
50199,"n"
50200,"n"
50201,"y"
50202,"n"
50203,"y"
50204,"y"
50205,"n"
50206,"n"
50207,"y"
50208,"n"
50209,"y"
50210,"n"
50211,"y"
50212,"n"
50213,"y"
50214,"y"
50215,"y"
50216,"y"
50217,"y"
50218,"y"
50219,"n"
50220,"y"
50221,"n"
50222,"y"
50223,"n"
50224,"y"
50225,"y"
50226,"y"
50227,"y"
50228,"y"
50229,"y"
50230,"n"
50231,"n"
50232,"n"
50233,"y"
50234,"n"
50235,"y"
50236,"y"
50237,"n"
50238,"n"
50239,"y"
50240,"y"
50241,"y"
50242,"n"
50243,"n"
50244,"n"
50245,"y"
50246,"y"
50247,"n"
50248,"y"
50249,"n"
50250,"n"
50251,"n"
50252,"y"
50253,"n"
50254,"y"
50255,"n"
50256,"y"
50257,"n"
50258,"y"
50259,"y"
50260,"y"
50261,"n"
50262,"n"
50263,"n"
50264,"n"
50265,"n"
50266,"n"
50267,"y"
50268,"y"
50269,"n"
50270,"n"
50271,"n"
50272,"y"
50273,"n"
50274,"y"
50275,"y"
50276,"y"
50277,"n"
50278,"n"
50279,"y"
50280,"y"
50281,"n"
50282,"n"
50283,"n"
50284,"n"
50285,"n"
50286,"n"
50287,"n"
50288,"y"
50289,"n"
50290,"n"
50291,"y"
50292,"n"
50293,"n"
50294,"n"
50295,"n"
50296,"n"
50297,"n"
50298,"n"
50299,"y"
50300,"y"
50301,"y"
50302,"n"
50303,"y"
50304,"n"
50305,"y"
50306,"y"
50307,"n"
50308,"y"
50309,"y"
50310,"n"
50311,"n"
50312,"y"
50313,"n"
50314,"y"
50315,"y"
50316,"y"
50317,"n"
50318,"y"
50319,"y"
50320,"n"
50321,"y"
50322,"y"
50323,"n"
50324,"y"
50325,"n"
50326,"n"
50327,"n"
50328,"n"
50329,"n"
50330,"n"
50331,"y"
50332,"n"
50333,"y"
50334,"n"
50335,"n"
50336,"n"
50337,"n"
50338,"n"
50339,"n"
50340,"n"
50341,"y"
50342,"n"
50343,"y"
50344,"y"
50345,"y"
50346,"n"
50347,"n"
50348,"n"
50349,"y"
50350,"n"
50351,"n"
50352,"y"
50353,"y"
50354,"y"
50355,"n"
50356,"y"
50357,"n"
50358,"y"
50359,"y"
50360,"y"
50361,"n"
50362,"n"
50363,"n"
50364,"n"
50365,"n"
50366,"y"
50367,"y"
50368,"y"
50369,"n"
50370,"n"
50371,"n"
50372,"y"
50373,"n"
50374,"y"
50375,"n"
50376,"y"
50377,"n"
50378,"n"
50379,"y"
50380,"y"
50381,"y"
50382,"y"
50383,"y"
50384,"y"
50385,"n"
50386,"y"
50387,"n"
50388,"n"
50389,"n"
50390,"n"
50391,"n"
50392,"y"
50393,"y"
50394,"y"
50395,"y"
50396,"n"
50397,"n"
50398,"n"
50399,"n"
50400,"y"
50401,"y"
50402,"n"
50403,"y"
50404,"y"
50405,"n"
50406,"n"
50407,"y"
50408,"n"
50409,"n"
50410,"n"
50411,"n"
50412,"y"
50413,"y"
50414,"y"
50415,"y"
50416,"y"
50417,"n"
50418,"y"
50419,"y"
50420,"n"
50421,"y"
50422,"y"
50423,"y"
50424,"n"
50425,"n"
50426,"n"
50427,"y"
50428,"n"
50429,"y"
50430,"n"
50431,"y"
50432,"y"
50433,"n"
50434,"y"
50435,"y"
50436,"y"
50437,"n"
50438,"y"
50439,"y"
50440,"y"
50441,"n"
50442,"n"
50443,"n"
50444,"y"
50445,"n"
50446,"y"
50447,"n"
50448,"y"
50449,"n"
50450,"y"
50451,"n"
50452,"n"
50453,"n"
50454,"y"
50455,"n"
50456,"y"
50457,"y"
50458,"y"
50459,"y"
50460,"y"
50461,"n"
50462,"y"
50463,"y"
50464,"n"
50465,"y"
50466,"n"
50467,"y"
50468,"n"
50469,"y"
50470,"n"
50471,"n"
50472,"n"
50473,"n"
50474,"y"
50475,"n"
50476,"n"
50477,"n"
50478,"n"
50479,"y"
50480,"y"
50481,"y"
50482,"n"
50483,"y"
50484,"y"
50485,"n"
50486,"y"
50487,"n"
50488,"n"
50489,"n"
50490,"y"
50491,"n"
50492,"y"
50493,"n"
50494,"n"
50495,"n"
50496,"y"
50497,"n"
50498,"n"
50499,"n"
50500,"n"
50501,"y"
50502,"n"
50503,"y"
50504,"y"
50505,"n"
50506,"n"
50507,"n"
50508,"y"
50509,"y"
50510,"n"
50511,"n"
50512,"y"
50513,"n"
50514,"n"
50515,"n"
50516,"y"
50517,"y"
50518,"n"
50519,"n"
50520,"y"
50521,"y"
50522,"n"
50523,"n"
50524,"n"
50525,"y"
50526,"y"
50527,"n"
50528,"n"
50529,"y"
50530,"y"
50531,"n"
50532,"n"
50533,"y"
50534,"n"
50535,"n"
50536,"n"
50537,"y"
50538,"y"
50539,"n"
50540,"n"
50541,"y"
50542,"n"
50543,"y"
50544,"n"
50545,"n"
50546,"n"
50547,"n"
50548,"n"
50549,"y"
50550,"y"
50551,"n"
50552,"y"
50553,"y"
50554,"n"
50555,"n"
50556,"n"
50557,"y"
50558,"n"
50559,"y"
50560,"y"
50561,"y"
50562,"y"
50563,"n"
50564,"y"
50565,"y"
50566,"y"
50567,"y"
50568,"n"
50569,"y"
50570,"y"
50571,"n"
50572,"y"
50573,"n"
50574,"n"
50575,"n"
50576,"n"
50577,"n"
50578,"n"
50579,"n"
50580,"n"
50581,"y"
50582,"y"
50583,"y"
50584,"n"
50585,"y"
50586,"y"
50587,"n"
50588,"y"
50589,"n"
50590,"y"
50591,"y"
50592,"y"
50593,"y"
50594,"n"
50595,"n"
50596,"n"
50597,"y"
50598,"n"
50599,"n"
50600,"n"
50601,"y"
50602,"y"
50603,"n"
50604,"y"
50605,"y"
50606,"y"
50607,"n"
50608,"n"
50609,"n"
50610,"n"
50611,"n"
50612,"y"
50613,"y"
50614,"n"
50615,"y"
50616,"y"
50617,"y"
50618,"n"
50619,"n"
50620,"y"
50621,"n"
50622,"y"
50623,"n"
50624,"y"
50625,"n"
50626,"y"
50627,"y"
50628,"n"
50629,"y"
50630,"y"
50631,"y"
50632,"n"
50633,"n"
50634,"y"
50635,"n"
50636,"n"
50637,"n"
50638,"y"
50639,"y"
50640,"n"
50641,"y"
50642,"y"
50643,"y"
50644,"n"
50645,"n"
50646,"n"
50647,"n"
50648,"n"
50649,"y"
50650,"y"
50651,"n"
50652,"n"
50653,"y"
50654,"n"
50655,"n"
50656,"y"
50657,"y"
50658,"n"
50659,"n"
50660,"y"
50661,"n"
50662,"y"
50663,"n"
50664,"n"
50665,"y"
50666,"y"
50667,"n"
50668,"n"
50669,"n"
50670,"y"
50671,"n"
50672,"n"
50673,"y"
50674,"y"
50675,"n"
50676,"y"
50677,"y"
50678,"y"
50679,"y"
50680,"n"
50681,"n"
50682,"y"
50683,"y"
50684,"n"
50685,"n"
50686,"n"
50687,"y"
50688,"y"
50689,"n"
50690,"y"
50691,"n"
50692,"n"
50693,"n"
50694,"n"
50695,"y"
50696,"n"
50697,"y"
50698,"n"
50699,"y"
50700,"n"
50701,"y"
50702,"y"
50703,"y"
50704,"y"
50705,"n"
50706,"n"
50707,"n"
50708,"y"
50709,"y"
50710,"n"
50711,"n"
50712,"y"
50713,"n"
50714,"n"
50715,"y"
50716,"n"
50717,"y"
50718,"n"
50719,"n"
50720,"n"
50721,"y"
50722,"y"
50723,"n"
50724,"n"
50725,"y"
50726,"n"
50727,"n"
50728,"y"
50729,"y"
50730,"y"
50731,"y"
50732,"y"
50733,"n"
50734,"y"
50735,"n"
50736,"n"
50737,"y"
50738,"y"
50739,"n"
50740,"y"
50741,"y"
50742,"n"
50743,"n"
50744,"y"
50745,"n"
50746,"y"
50747,"y"
50748,"y"
50749,"n"
50750,"n"
50751,"y"
50752,"n"
50753,"n"
50754,"y"
50755,"n"
50756,"n"
50757,"n"
50758,"n"
50759,"n"
50760,"y"
50761,"n"
50762,"n"
50763,"y"
50764,"y"
50765,"n"
50766,"n"
50767,"n"
50768,"n"
50769,"y"
50770,"y"
50771,"n"
50772,"n"
50773,"n"
50774,"n"
50775,"y"
50776,"n"
50777,"y"
50778,"n"
50779,"n"
50780,"y"
50781,"y"
50782,"n"
50783,"y"
50784,"y"
50785,"n"
50786,"y"
50787,"n"
50788,"y"
50789,"n"
50790,"y"
50791,"y"
50792,"n"
50793,"n"
50794,"n"
50795,"y"
50796,"n"
50797,"y"
50798,"y"
50799,"y"
50800,"n"
50801,"y"
50802,"n"
50803,"n"
50804,"n"
50805,"n"
50806,"y"
50807,"y"
50808,"y"
50809,"y"
50810,"y"
50811,"y"
50812,"y"
50813,"n"
50814,"n"
50815,"y"
50816,"n"
50817,"n"
50818,"y"
50819,"n"
50820,"y"
50821,"y"
50822,"y"
50823,"n"
50824,"n"
50825,"y"
50826,"y"
50827,"n"
50828,"y"
50829,"n"
50830,"n"
50831,"n"
50832,"n"
50833,"n"
50834,"n"
50835,"y"
50836,"y"
50837,"n"
50838,"n"
50839,"y"
50840,"n"
50841,"y"
50842,"y"
50843,"y"
50844,"y"
50845,"y"
50846,"n"
50847,"y"
50848,"y"
50849,"y"
50850,"n"
50851,"y"
50852,"n"
50853,"y"
50854,"n"
50855,"n"
50856,"y"
50857,"y"
50858,"y"
50859,"n"
50860,"y"
50861,"y"
50862,"n"
50863,"y"
50864,"n"
50865,"y"
50866,"n"
50867,"y"
50868,"n"
50869,"n"
50870,"n"
50871,"n"
50872,"y"
50873,"y"
50874,"n"
50875,"n"
50876,"n"
50877,"n"
50878,"y"
50879,"y"
50880,"y"
50881,"y"
50882,"y"
50883,"n"
50884,"y"
50885,"y"
50886,"n"
50887,"y"
50888,"y"
50889,"n"
50890,"n"
50891,"y"
50892,"y"
50893,"n"
50894,"y"
50895,"n"
50896,"y"
50897,"n"
50898,"n"
50899,"n"
50900,"n"
50901,"y"
50902,"n"
50903,"n"
50904,"y"
50905,"y"
50906,"n"
50907,"y"
50908,"n"
50909,"n"
50910,"y"
50911,"n"
50912,"n"
50913,"y"
50914,"n"
50915,"y"
50916,"n"
50917,"n"
50918,"n"
50919,"y"
50920,"n"
50921,"n"
50922,"y"
50923,"y"
50924,"n"
50925,"y"
50926,"y"
50927,"n"
50928,"y"
50929,"n"
50930,"n"
50931,"n"
50932,"y"
50933,"n"
50934,"y"
50935,"y"
50936,"y"
50937,"y"
50938,"n"
50939,"n"
50940,"n"
50941,"y"
50942,"n"
50943,"n"
50944,"y"
50945,"y"
50946,"n"
50947,"y"
50948,"y"
50949,"n"
50950,"n"
50951,"n"
50952,"y"
50953,"y"
50954,"n"
50955,"y"
50956,"n"
50957,"y"
50958,"y"
50959,"n"
50960,"y"
50961,"y"
50962,"n"
50963,"n"
50964,"y"
50965,"n"
50966,"y"
50967,"n"
50968,"y"
50969,"y"
50970,"y"
50971,"n"
50972,"y"
50973,"y"
50974,"n"
50975,"n"
50976,"y"
50977,"y"
50978,"n"
50979,"n"
50980,"n"
50981,"y"
50982,"y"
50983,"y"
50984,"y"
50985,"n"
50986,"y"
50987,"y"
50988,"y"
50989,"y"
50990,"y"
50991,"y"
50992,"y"
50993,"y"
50994,"n"
50995,"y"
50996,"n"
50997,"y"
50998,"n"
50999,"y"
51000,"n"
51001,"n"
51002,"y"
51003,"n"
51004,"n"
51005,"n"
51006,"y"
51007,"n"
51008,"y"
51009,"n"
51010,"y"
51011,"y"
51012,"n"
51013,"n"
51014,"n"
51015,"y"
51016,"y"
51017,"y"
51018,"y"
51019,"n"
51020,"y"
51021,"y"
51022,"y"
51023,"n"
51024,"y"
51025,"y"
51026,"n"
51027,"y"
51028,"y"
51029,"y"
51030,"y"
51031,"y"
51032,"n"
51033,"n"
51034,"y"
51035,"y"
51036,"n"
51037,"y"
51038,"n"
51039,"y"
51040,"y"
51041,"n"
51042,"y"
51043,"y"
51044,"n"
51045,"y"
51046,"n"
51047,"y"
51048,"y"
51049,"n"
51050,"n"
51051,"y"
51052,"n"
51053,"n"
51054,"y"
51055,"y"
51056,"n"
51057,"y"
51058,"n"
51059,"y"
51060,"y"
51061,"n"
51062,"y"
51063,"y"
51064,"y"
51065,"y"
51066,"y"
51067,"n"
51068,"y"
51069,"y"
51070,"n"
51071,"y"
51072,"y"
51073,"n"
51074,"n"
51075,"y"
51076,"y"
51077,"n"
51078,"y"
51079,"n"
51080,"n"
51081,"y"
51082,"n"
51083,"n"
51084,"n"
51085,"n"
51086,"n"
51087,"y"
51088,"y"
51089,"y"
51090,"y"
51091,"y"
51092,"n"
51093,"y"
51094,"n"
51095,"n"
51096,"y"
51097,"n"
51098,"n"
51099,"y"
51100,"y"
51101,"y"
51102,"y"
51103,"n"
51104,"n"
51105,"y"
51106,"n"
51107,"y"
51108,"y"
51109,"n"
51110,"n"
51111,"y"
51112,"y"
51113,"y"
51114,"n"
51115,"y"
51116,"y"
51117,"y"
51118,"n"
51119,"y"
51120,"n"
51121,"n"
51122,"y"
51123,"n"
51124,"n"
51125,"n"
51126,"n"
51127,"n"
51128,"y"
51129,"y"
51130,"y"
51131,"y"
51132,"n"
51133,"y"
51134,"n"
51135,"n"
51136,"y"
51137,"n"
51138,"n"
51139,"y"
51140,"n"
51141,"y"
51142,"n"
51143,"y"
51144,"n"
51145,"y"
51146,"n"
51147,"n"
51148,"y"
51149,"n"
51150,"y"
51151,"y"
51152,"y"
51153,"n"
51154,"n"
51155,"n"
51156,"n"
51157,"n"
51158,"n"
51159,"y"
51160,"n"
51161,"y"
51162,"y"
51163,"n"
51164,"y"
51165,"n"
51166,"y"
51167,"y"
51168,"y"
51169,"y"
51170,"y"
51171,"y"
51172,"n"
51173,"y"
51174,"n"
51175,"n"
51176,"y"
51177,"y"
51178,"y"
51179,"y"
51180,"y"
51181,"y"
51182,"y"
51183,"n"
51184,"n"
51185,"n"
51186,"n"
51187,"n"
51188,"y"
51189,"y"
51190,"n"
51191,"y"
51192,"n"
51193,"n"
51194,"y"
51195,"y"
51196,"y"
51197,"y"
51198,"y"
51199,"n"
51200,"y"
51201,"y"
51202,"n"
51203,"n"
51204,"y"
51205,"y"
51206,"y"
51207,"y"
51208,"y"
51209,"n"
51210,"n"
51211,"y"
51212,"n"
51213,"y"
51214,"y"
51215,"y"
51216,"y"
51217,"y"
51218,"y"
51219,"y"
51220,"y"
51221,"n"
51222,"y"
51223,"y"
51224,"y"
51225,"y"
51226,"y"
51227,"n"
51228,"y"
51229,"y"
51230,"n"
51231,"y"
51232,"n"
51233,"n"
51234,"n"
51235,"n"
51236,"y"
51237,"n"
51238,"y"
51239,"n"
51240,"y"
51241,"y"
51242,"n"
51243,"n"
51244,"y"
51245,"y"
51246,"n"
51247,"y"
51248,"n"
51249,"y"
51250,"n"
51251,"y"
51252,"y"
51253,"y"
51254,"n"
51255,"y"
51256,"n"
51257,"y"
51258,"y"
51259,"y"
51260,"y"
51261,"n"
51262,"y"
51263,"y"
51264,"n"
51265,"y"
51266,"y"
51267,"y"
51268,"y"
51269,"n"
51270,"y"
51271,"y"
51272,"y"
51273,"y"
51274,"y"
51275,"n"
51276,"n"
51277,"y"
51278,"y"
51279,"y"
51280,"n"
51281,"n"
51282,"y"
51283,"y"
51284,"n"
51285,"n"
51286,"y"
51287,"y"
51288,"y"
51289,"y"
51290,"n"
51291,"y"
51292,"n"
51293,"y"
51294,"y"
51295,"y"
51296,"n"
51297,"n"
51298,"y"
51299,"n"
51300,"n"
51301,"y"
51302,"y"
51303,"y"
51304,"y"
51305,"y"
51306,"n"
51307,"n"
51308,"y"
51309,"y"
51310,"n"
51311,"n"
51312,"n"
51313,"n"
51314,"n"
51315,"y"
51316,"y"
51317,"n"
51318,"y"
51319,"y"
51320,"y"
51321,"y"
51322,"y"
51323,"n"
51324,"y"
51325,"y"
51326,"n"
51327,"y"
51328,"n"
51329,"y"
51330,"y"
51331,"y"
51332,"n"
51333,"y"
51334,"n"
51335,"n"
51336,"y"
51337,"y"
51338,"n"
51339,"y"
51340,"y"
51341,"y"
51342,"y"
51343,"y"
51344,"y"
51345,"n"
51346,"n"
51347,"y"
51348,"y"
51349,"n"
51350,"y"
51351,"n"
51352,"y"
51353,"n"
51354,"y"
51355,"y"
51356,"y"
51357,"y"
51358,"n"
51359,"y"
51360,"n"
51361,"y"
51362,"n"
51363,"y"
51364,"n"
51365,"y"
51366,"y"
51367,"n"
51368,"n"
51369,"n"
51370,"n"
51371,"n"
51372,"y"
51373,"y"
51374,"y"
51375,"n"
51376,"n"
51377,"y"
51378,"y"
51379,"y"
51380,"y"
51381,"y"
51382,"y"
51383,"y"
51384,"n"
51385,"y"
51386,"y"
51387,"y"
51388,"y"
51389,"n"
51390,"n"
51391,"n"
51392,"y"
51393,"y"
51394,"n"
51395,"y"
51396,"n"
51397,"n"
51398,"n"
51399,"y"
51400,"n"
51401,"y"
51402,"n"
51403,"y"
51404,"y"
51405,"n"
51406,"n"
51407,"n"
51408,"n"
51409,"y"
51410,"y"
51411,"n"
51412,"n"
51413,"n"
51414,"y"
51415,"n"
51416,"y"
51417,"n"
51418,"y"
51419,"n"
51420,"y"
51421,"n"
51422,"y"
51423,"n"
51424,"y"
51425,"n"
51426,"y"
51427,"n"
51428,"n"
51429,"n"
51430,"y"
51431,"y"
51432,"n"
51433,"y"
51434,"n"
51435,"y"
51436,"y"
51437,"n"
51438,"n"
51439,"n"
51440,"y"
51441,"y"
51442,"y"
51443,"n"
51444,"n"
51445,"n"
51446,"n"
51447,"n"
51448,"y"
51449,"y"
51450,"n"
51451,"y"
51452,"n"
51453,"y"
51454,"n"
51455,"y"
51456,"n"
51457,"n"
51458,"n"
51459,"y"
51460,"n"
51461,"y"
51462,"y"
51463,"y"
51464,"n"
51465,"n"
51466,"n"
51467,"n"
51468,"y"
51469,"n"
51470,"y"
51471,"n"
51472,"n"
51473,"y"
51474,"n"
51475,"y"
51476,"n"
51477,"y"
51478,"y"
51479,"y"
51480,"n"
51481,"n"
51482,"y"
51483,"y"
51484,"y"
51485,"y"
51486,"y"
51487,"n"
51488,"y"
51489,"y"
51490,"n"
51491,"y"
51492,"y"
51493,"y"
51494,"n"
51495,"n"
51496,"y"
51497,"y"
51498,"y"
51499,"y"
51500,"n"
51501,"y"
51502,"y"
51503,"n"
51504,"y"
51505,"y"
51506,"n"
51507,"y"
51508,"y"
51509,"n"
51510,"y"
51511,"y"
51512,"y"
51513,"y"
51514,"n"
51515,"n"
51516,"y"
51517,"y"
51518,"n"
51519,"n"
51520,"n"
51521,"y"
51522,"n"
51523,"y"
51524,"n"
51525,"n"
51526,"n"
51527,"y"
51528,"y"
51529,"n"
51530,"n"
51531,"y"
51532,"n"
51533,"n"
51534,"y"
51535,"n"
51536,"n"
51537,"y"
51538,"y"
51539,"n"
51540,"y"
51541,"y"
51542,"n"
51543,"n"
51544,"y"
51545,"n"
51546,"n"
51547,"y"
51548,"n"
51549,"y"
51550,"n"
51551,"n"
51552,"y"
51553,"y"
51554,"n"
51555,"y"
51556,"n"
51557,"y"
51558,"y"
51559,"y"
51560,"y"
51561,"n"
51562,"y"
51563,"n"
51564,"y"
51565,"n"
51566,"n"
51567,"y"
51568,"y"
51569,"n"
51570,"y"
51571,"y"
51572,"n"
51573,"y"
51574,"y"
51575,"n"
51576,"y"
51577,"n"
51578,"n"
51579,"n"
51580,"y"
51581,"y"
51582,"n"
51583,"y"
51584,"y"
51585,"n"
51586,"y"
51587,"n"
51588,"n"
51589,"n"
51590,"y"
51591,"y"
51592,"y"
51593,"y"
51594,"n"
51595,"n"
51596,"y"
51597,"n"
51598,"n"
51599,"y"
51600,"n"
51601,"n"
51602,"y"
51603,"n"
51604,"y"
51605,"y"
51606,"y"
51607,"y"
51608,"y"
51609,"n"
51610,"n"
51611,"n"
51612,"y"
51613,"y"
51614,"n"
51615,"n"
51616,"n"
51617,"n"
51618,"y"
51619,"y"
51620,"n"
51621,"n"
51622,"n"
51623,"y"
51624,"n"
51625,"y"
51626,"n"
51627,"n"
51628,"y"
51629,"n"
51630,"n"
51631,"y"
51632,"y"
51633,"y"
51634,"n"
51635,"n"
51636,"n"
51637,"n"
51638,"y"
51639,"n"
51640,"y"
51641,"n"
51642,"n"
51643,"n"
51644,"y"
51645,"n"
51646,"n"
51647,"y"
51648,"n"
51649,"n"
51650,"n"
51651,"n"
51652,"n"
51653,"n"
51654,"n"
51655,"y"
51656,"n"
51657,"y"
51658,"n"
51659,"n"
51660,"y"
51661,"n"
51662,"y"
51663,"n"
51664,"y"
51665,"n"
51666,"n"
51667,"y"
51668,"y"
51669,"n"
51670,"y"
51671,"y"
51672,"y"
51673,"y"
51674,"n"
51675,"y"
51676,"n"
51677,"y"
51678,"n"
51679,"y"
51680,"n"
51681,"n"
51682,"n"
51683,"n"
51684,"y"
51685,"n"
51686,"n"
51687,"n"
51688,"n"
51689,"n"
51690,"y"
51691,"n"
51692,"y"
51693,"n"
51694,"y"
51695,"y"
51696,"n"
51697,"n"
51698,"y"
51699,"n"
51700,"n"
51701,"n"
51702,"y"
51703,"y"
51704,"y"
51705,"n"
51706,"y"
51707,"y"
51708,"n"
51709,"y"
51710,"y"
51711,"y"
51712,"n"
51713,"y"
51714,"n"
51715,"y"
51716,"n"
51717,"n"
51718,"y"
51719,"n"
51720,"n"
51721,"n"
51722,"n"
51723,"n"
51724,"n"
51725,"n"
51726,"y"
51727,"n"
51728,"y"
51729,"n"
51730,"n"
51731,"y"
51732,"y"
51733,"n"
51734,"n"
51735,"y"
51736,"n"
51737,"y"
51738,"y"
51739,"y"
51740,"n"
51741,"n"
51742,"n"
51743,"y"
51744,"n"
51745,"n"
51746,"y"
51747,"y"
51748,"n"
51749,"n"
51750,"n"
51751,"n"
51752,"y"
51753,"y"
51754,"y"
51755,"n"
51756,"n"
51757,"n"
51758,"y"
51759,"y"
51760,"y"
51761,"y"
51762,"n"
51763,"y"
51764,"n"
51765,"y"
51766,"n"
51767,"n"
51768,"y"
51769,"y"
51770,"n"
51771,"y"
51772,"y"
51773,"n"
51774,"y"
51775,"y"
51776,"y"
51777,"n"
51778,"n"
51779,"y"
51780,"y"
51781,"y"
51782,"n"
51783,"y"
51784,"n"
51785,"y"
51786,"y"
51787,"n"
51788,"n"
51789,"n"
51790,"y"
51791,"y"
51792,"y"
51793,"n"
51794,"n"
51795,"y"
51796,"y"
51797,"n"
51798,"y"
51799,"n"
51800,"y"
51801,"n"
51802,"y"
51803,"y"
51804,"y"
51805,"y"
51806,"y"
51807,"n"
51808,"y"
51809,"y"
51810,"y"
51811,"n"
51812,"n"
51813,"n"
51814,"n"
51815,"y"
51816,"n"
51817,"n"
51818,"n"
51819,"n"
51820,"y"
51821,"n"
51822,"y"
51823,"y"
51824,"y"
51825,"y"
51826,"n"
51827,"n"
51828,"n"
51829,"y"
51830,"y"
51831,"y"
51832,"n"
51833,"y"
51834,"y"
51835,"n"
51836,"y"
51837,"n"
51838,"n"
51839,"n"
51840,"n"
51841,"y"
51842,"y"
51843,"y"
51844,"y"
51845,"y"
51846,"y"
51847,"n"
51848,"n"
51849,"y"
51850,"n"
51851,"n"
51852,"y"
51853,"y"
51854,"y"
51855,"y"
51856,"y"
51857,"n"
51858,"n"
51859,"y"
51860,"n"
51861,"n"
51862,"y"
51863,"y"
51864,"n"
51865,"y"
51866,"n"
51867,"y"
51868,"n"
51869,"n"
51870,"n"
51871,"y"
51872,"y"
51873,"y"
51874,"n"
51875,"n"
51876,"n"
51877,"y"
51878,"y"
51879,"y"
51880,"y"
51881,"y"
51882,"y"
51883,"n"
51884,"n"
51885,"n"
51886,"y"
51887,"y"
51888,"y"
51889,"y"
51890,"n"
51891,"n"
51892,"n"
51893,"y"
51894,"y"
51895,"n"
51896,"y"
51897,"y"
51898,"n"
51899,"y"
51900,"n"
51901,"n"
51902,"n"
51903,"y"
51904,"n"
51905,"n"
51906,"n"
51907,"n"
51908,"n"
51909,"y"
51910,"y"
51911,"y"
51912,"y"
51913,"y"
51914,"y"
51915,"y"
51916,"y"
51917,"n"
51918,"n"
51919,"y"
51920,"y"
51921,"y"
51922,"n"
51923,"n"
51924,"y"
51925,"n"
51926,"y"
51927,"y"
51928,"y"
51929,"y"
51930,"n"
51931,"n"
51932,"n"
51933,"n"
51934,"n"
51935,"n"
51936,"y"
51937,"n"
51938,"n"
51939,"y"
51940,"n"
51941,"y"
51942,"n"
51943,"n"
51944,"n"
51945,"n"
51946,"y"
51947,"n"
51948,"n"
51949,"y"
51950,"n"
51951,"y"
51952,"n"
51953,"y"
51954,"y"
51955,"y"
51956,"n"
51957,"y"
51958,"y"
51959,"y"
51960,"y"
51961,"n"
51962,"y"
51963,"n"
51964,"y"
51965,"y"
51966,"y"
51967,"y"
51968,"n"
51969,"n"
51970,"n"
51971,"y"
51972,"n"
51973,"n"
51974,"n"
51975,"n"
51976,"y"
51977,"y"
51978,"y"
51979,"y"
51980,"y"
51981,"n"
51982,"n"
51983,"n"
51984,"y"
51985,"n"
51986,"y"
51987,"y"
51988,"y"
51989,"n"
51990,"y"
51991,"y"
51992,"n"
51993,"n"
51994,"y"
51995,"y"
51996,"n"
51997,"y"
51998,"y"
51999,"y"
52000,"y"
52001,"y"
52002,"y"
52003,"n"
52004,"y"
52005,"y"
52006,"n"
52007,"n"
52008,"n"
52009,"y"
52010,"n"
52011,"y"
52012,"y"
52013,"y"
52014,"n"
52015,"y"
52016,"n"
52017,"n"
52018,"n"
52019,"y"
52020,"y"
52021,"n"
52022,"y"
52023,"n"
52024,"y"
52025,"n"
52026,"n"
52027,"y"
52028,"n"
52029,"n"
52030,"y"
52031,"n"
52032,"n"
52033,"n"
52034,"n"
52035,"y"
52036,"y"
52037,"n"
52038,"y"
52039,"y"
52040,"n"
52041,"y"
52042,"n"
52043,"n"
52044,"n"
52045,"y"
52046,"n"
52047,"y"
52048,"y"
52049,"n"
52050,"n"
52051,"y"
52052,"n"
52053,"n"
52054,"n"
52055,"n"
52056,"y"
52057,"n"
52058,"y"
52059,"y"
52060,"y"
52061,"n"
52062,"n"
52063,"n"
52064,"n"
52065,"n"
52066,"y"
52067,"y"
52068,"y"
52069,"y"
52070,"n"
52071,"y"
52072,"n"
52073,"y"
52074,"n"
52075,"n"
52076,"y"
52077,"n"
52078,"y"
52079,"y"
52080,"n"
52081,"y"
52082,"y"
52083,"y"
52084,"n"
52085,"n"
52086,"n"
52087,"y"
52088,"y"
52089,"n"
52090,"y"
52091,"y"
52092,"n"
52093,"n"
52094,"n"
52095,"n"
52096,"y"
52097,"n"
52098,"n"
52099,"y"
52100,"n"
52101,"y"
52102,"y"
52103,"n"
52104,"n"
52105,"y"
52106,"y"
52107,"y"
52108,"n"
52109,"n"
52110,"n"
52111,"n"
52112,"y"
52113,"n"
52114,"y"
52115,"y"
52116,"n"
52117,"y"
52118,"y"
52119,"y"
52120,"y"
52121,"n"
52122,"n"
52123,"n"
52124,"n"
52125,"n"
52126,"n"
52127,"y"
52128,"n"
52129,"n"
52130,"y"
52131,"n"
52132,"n"
52133,"y"
52134,"n"
52135,"n"
52136,"y"
52137,"y"
52138,"n"
52139,"y"
52140,"y"
52141,"y"
52142,"y"
52143,"n"
52144,"y"
52145,"y"
52146,"n"
52147,"n"
52148,"y"
52149,"n"
52150,"n"
52151,"y"
52152,"y"
52153,"y"
52154,"y"
52155,"y"
52156,"y"
52157,"y"
52158,"y"
52159,"n"
52160,"n"
52161,"y"
52162,"y"
52163,"y"
52164,"n"
52165,"n"
52166,"y"
52167,"n"
52168,"n"
52169,"y"
52170,"y"
52171,"y"
52172,"y"
52173,"n"
52174,"y"
52175,"y"
52176,"n"
52177,"n"
52178,"n"
52179,"y"
52180,"y"
52181,"y"
52182,"n"
52183,"n"
52184,"n"
52185,"y"
52186,"y"
52187,"n"
52188,"n"
52189,"n"
52190,"n"
52191,"n"
52192,"n"
52193,"y"
52194,"y"
52195,"n"
52196,"n"
52197,"n"
52198,"n"
52199,"n"
52200,"y"
52201,"y"
52202,"y"
52203,"y"
52204,"y"
52205,"n"
52206,"y"
52207,"y"
52208,"y"
52209,"y"
52210,"y"
52211,"y"
52212,"n"
52213,"n"
52214,"n"
52215,"y"
52216,"n"
52217,"n"
52218,"y"
52219,"n"
52220,"n"
52221,"y"
52222,"y"
52223,"y"
52224,"y"
52225,"n"
52226,"y"
52227,"n"
52228,"n"
52229,"n"
52230,"y"
52231,"n"
52232,"y"
52233,"n"
52234,"n"
52235,"n"
52236,"n"
52237,"n"
52238,"y"
52239,"y"
52240,"n"
52241,"y"
52242,"n"
52243,"n"
52244,"y"
52245,"n"
52246,"n"
52247,"n"
52248,"n"
52249,"n"
52250,"y"
52251,"n"
52252,"y"
52253,"n"
52254,"y"
52255,"y"
52256,"n"
52257,"y"
52258,"y"
52259,"y"
52260,"n"
52261,"y"
52262,"n"
52263,"y"
52264,"n"
52265,"n"
52266,"y"
52267,"y"
52268,"y"
52269,"n"
52270,"n"
52271,"y"
52272,"y"
52273,"y"
52274,"n"
52275,"y"
52276,"n"
52277,"n"
52278,"y"
52279,"y"
52280,"y"
52281,"y"
52282,"y"
52283,"n"
52284,"y"
52285,"n"
52286,"n"
52287,"y"
52288,"y"
52289,"n"
52290,"y"
52291,"y"
52292,"y"
52293,"n"
52294,"n"
52295,"n"
52296,"n"
52297,"n"
52298,"n"
52299,"n"
52300,"n"
52301,"y"
52302,"n"
52303,"n"
52304,"y"
52305,"n"
52306,"n"
52307,"n"
52308,"n"
52309,"n"
52310,"y"
52311,"n"
52312,"n"
52313,"n"
52314,"n"
52315,"n"
52316,"n"
52317,"n"
52318,"y"
52319,"y"
52320,"y"
52321,"n"
52322,"n"
52323,"y"
52324,"y"
52325,"y"
52326,"n"
52327,"y"
52328,"n"
52329,"n"
52330,"n"
52331,"n"
52332,"n"
52333,"y"
52334,"n"
52335,"y"
52336,"n"
52337,"n"
52338,"n"
52339,"y"
52340,"n"
52341,"y"
52342,"n"
52343,"n"
52344,"n"
52345,"y"
52346,"y"
52347,"y"
52348,"n"
52349,"n"
52350,"n"
52351,"y"
52352,"n"
52353,"n"
52354,"y"
52355,"y"
52356,"y"
52357,"y"
52358,"y"
52359,"y"
52360,"n"
52361,"y"
52362,"n"
52363,"n"
52364,"n"
52365,"n"
52366,"y"
52367,"n"
52368,"n"
52369,"y"
52370,"y"
52371,"n"
52372,"n"
52373,"y"
52374,"n"
52375,"y"
52376,"n"
52377,"n"
52378,"n"
52379,"y"
52380,"y"
52381,"n"
52382,"y"
52383,"n"
52384,"y"
52385,"n"
52386,"y"
52387,"y"
52388,"y"
52389,"y"
52390,"n"
52391,"y"
52392,"n"
52393,"n"
52394,"n"
52395,"y"
52396,"n"
52397,"y"
52398,"y"
52399,"y"
52400,"n"
52401,"y"
52402,"n"
52403,"y"
52404,"y"
52405,"y"
52406,"n"
52407,"y"
52408,"n"
52409,"y"
52410,"n"
52411,"n"
52412,"n"
52413,"y"
52414,"y"
52415,"n"
52416,"y"
52417,"y"
52418,"n"
52419,"n"
52420,"y"
52421,"y"
52422,"n"
52423,"y"
52424,"n"
52425,"y"
52426,"n"
52427,"y"
52428,"n"
52429,"y"
52430,"y"
52431,"n"
52432,"n"
52433,"y"
52434,"y"
52435,"n"
52436,"n"
52437,"n"
52438,"n"
52439,"n"
52440,"n"
52441,"n"
52442,"n"
52443,"n"
52444,"y"
52445,"y"
52446,"y"
52447,"n"
52448,"y"
52449,"y"
52450,"n"
52451,"y"
52452,"n"
52453,"n"
52454,"n"
52455,"n"
52456,"y"
52457,"y"
52458,"y"
52459,"y"
52460,"y"
52461,"y"
52462,"y"
52463,"n"
52464,"n"
52465,"y"
52466,"n"
52467,"n"
52468,"n"
52469,"y"
52470,"y"
52471,"n"
52472,"y"
52473,"n"
52474,"n"
52475,"n"
52476,"n"
52477,"n"
52478,"y"
52479,"n"
52480,"y"
52481,"n"
52482,"y"
52483,"y"
52484,"n"
52485,"n"
52486,"n"
52487,"y"
52488,"n"
52489,"n"
52490,"y"
52491,"n"
52492,"n"
52493,"y"
52494,"y"
52495,"y"
52496,"n"
52497,"y"
52498,"y"
52499,"n"
52500,"n"
52501,"n"
52502,"y"
52503,"n"
52504,"y"
52505,"n"
52506,"n"
52507,"n"
52508,"y"
52509,"n"
52510,"n"
52511,"n"
52512,"y"
52513,"n"
52514,"n"
52515,"y"
52516,"y"
52517,"n"
52518,"n"
52519,"n"
52520,"n"
52521,"y"
52522,"y"
52523,"n"
52524,"n"
52525,"n"
52526,"y"
52527,"n"
52528,"n"
52529,"y"
52530,"n"
52531,"y"
52532,"n"
52533,"n"
52534,"y"
52535,"n"
52536,"y"
52537,"n"
52538,"n"
52539,"n"
52540,"n"
52541,"y"
52542,"n"
52543,"n"
52544,"y"
52545,"n"
52546,"y"
52547,"n"
52548,"y"
52549,"y"
52550,"n"
52551,"y"
52552,"n"
52553,"y"
52554,"y"
52555,"n"
52556,"n"
52557,"y"
52558,"n"
52559,"n"
52560,"y"
52561,"y"
52562,"y"
52563,"n"
52564,"y"
52565,"y"
52566,"n"
52567,"y"
52568,"n"
52569,"y"
52570,"n"
52571,"y"
52572,"y"
52573,"y"
52574,"y"
52575,"y"
52576,"n"
52577,"y"
52578,"y"
52579,"n"
52580,"y"
52581,"n"
52582,"n"
52583,"y"
52584,"n"
52585,"n"
52586,"y"
52587,"y"
52588,"n"
52589,"y"
52590,"n"
52591,"n"
52592,"y"
52593,"y"
52594,"n"
52595,"n"
52596,"y"
52597,"n"
52598,"y"
52599,"y"
52600,"y"
52601,"n"
52602,"n"
52603,"y"
52604,"y"
52605,"y"
52606,"y"
52607,"y"
52608,"y"
52609,"n"
52610,"n"
52611,"n"
52612,"n"
52613,"y"
52614,"n"
52615,"n"
52616,"y"
52617,"n"
52618,"y"
52619,"y"
52620,"y"
52621,"y"
52622,"y"
52623,"n"
52624,"n"
52625,"n"
52626,"y"
52627,"y"
52628,"y"
52629,"n"
52630,"n"
52631,"n"
52632,"n"
52633,"y"
52634,"n"
52635,"n"
52636,"n"
52637,"y"
52638,"n"
52639,"y"
52640,"n"
52641,"y"
52642,"y"
52643,"y"
52644,"n"
52645,"y"
52646,"y"
52647,"n"
52648,"y"
52649,"n"
52650,"y"
52651,"n"
52652,"n"
52653,"y"
52654,"n"
52655,"y"
52656,"y"
52657,"n"
52658,"y"
52659,"n"
52660,"n"
52661,"y"
52662,"n"
52663,"y"
52664,"n"
52665,"n"
52666,"n"
52667,"y"
52668,"n"
52669,"y"
52670,"n"
52671,"n"
52672,"n"
52673,"y"
52674,"n"
52675,"n"
52676,"n"
52677,"n"
52678,"n"
52679,"y"
52680,"y"
52681,"n"
52682,"y"
52683,"y"
52684,"n"
52685,"n"
52686,"n"
52687,"n"
52688,"n"
52689,"y"
52690,"y"
52691,"n"
52692,"n"
52693,"y"
52694,"n"
52695,"n"
52696,"y"
52697,"n"
52698,"n"
52699,"n"
52700,"n"
52701,"n"
52702,"y"
52703,"n"
52704,"n"
52705,"y"
52706,"n"
52707,"y"
52708,"y"
52709,"n"
52710,"y"
52711,"y"
52712,"y"
52713,"n"
52714,"n"
52715,"n"
52716,"y"
52717,"n"
52718,"y"
52719,"n"
52720,"y"
52721,"y"
52722,"n"
52723,"y"
52724,"y"
52725,"y"
52726,"n"
52727,"y"
52728,"y"
52729,"n"
52730,"n"
52731,"y"
52732,"n"
52733,"n"
52734,"n"
52735,"y"
52736,"y"
52737,"y"
52738,"n"
52739,"y"
52740,"y"
52741,"n"
52742,"y"
52743,"y"
52744,"y"
52745,"n"
52746,"y"
52747,"n"
52748,"y"
52749,"n"
52750,"y"
52751,"n"
52752,"n"
52753,"n"
52754,"y"
52755,"n"
52756,"n"
52757,"y"
52758,"y"
52759,"y"
52760,"n"
52761,"n"
52762,"n"
52763,"y"
52764,"n"
52765,"y"
52766,"y"
52767,"n"
52768,"y"
52769,"y"
52770,"y"
52771,"n"
52772,"n"
52773,"y"
52774,"n"
52775,"n"
52776,"y"
52777,"n"
52778,"y"
52779,"n"
52780,"n"
52781,"y"
52782,"n"
52783,"y"
52784,"y"
52785,"y"
52786,"n"
52787,"n"
52788,"y"
52789,"n"
52790,"y"
52791,"y"
52792,"y"
52793,"y"
52794,"n"
52795,"y"
52796,"y"
52797,"y"
52798,"n"
52799,"y"
52800,"n"
52801,"n"
52802,"y"
52803,"y"
52804,"n"
52805,"y"
52806,"y"
52807,"y"
52808,"y"
52809,"y"
52810,"n"
52811,"n"
52812,"n"
52813,"y"
52814,"y"
52815,"n"
52816,"n"
52817,"n"
52818,"y"
52819,"n"
52820,"y"
52821,"y"
52822,"y"
52823,"y"
52824,"n"
52825,"y"
52826,"y"
52827,"n"
52828,"y"
52829,"y"
52830,"n"
52831,"y"
52832,"n"
52833,"n"
52834,"n"
52835,"y"
52836,"y"
52837,"y"
52838,"n"
52839,"n"
52840,"n"
52841,"y"
52842,"y"
52843,"y"
52844,"y"
52845,"y"
52846,"n"
52847,"n"
52848,"y"
52849,"y"
52850,"n"
52851,"y"
52852,"y"
52853,"y"
52854,"y"
52855,"n"
52856,"y"
52857,"n"
52858,"n"
52859,"y"
52860,"y"
52861,"n"
52862,"n"
52863,"y"
52864,"y"
52865,"n"
52866,"y"
52867,"n"
52868,"y"
52869,"y"
52870,"n"
52871,"n"
52872,"y"
52873,"y"
52874,"y"
52875,"n"
52876,"n"
52877,"n"
52878,"y"
52879,"n"
52880,"y"
52881,"n"
52882,"y"
52883,"y"
52884,"n"
52885,"n"
52886,"n"
52887,"y"
52888,"y"
52889,"y"
52890,"n"
52891,"n"
52892,"n"
52893,"n"
52894,"y"
52895,"n"
52896,"n"
52897,"n"
52898,"y"
52899,"n"
52900,"n"
52901,"n"
52902,"n"
52903,"n"
52904,"y"
52905,"n"
52906,"n"
52907,"n"
52908,"y"
52909,"y"
52910,"n"
52911,"y"
52912,"n"
52913,"n"
52914,"y"
52915,"n"
52916,"n"
52917,"n"
52918,"y"
52919,"n"
52920,"n"
52921,"n"
52922,"n"
52923,"y"
52924,"y"
52925,"n"
52926,"y"
52927,"y"
52928,"n"
52929,"n"
52930,"n"
52931,"y"
52932,"n"
52933,"n"
52934,"y"
52935,"n"
52936,"y"
52937,"n"
52938,"n"
52939,"n"
52940,"y"
52941,"y"
52942,"y"
52943,"n"
52944,"n"
52945,"n"
52946,"y"
52947,"y"
52948,"y"
52949,"n"
52950,"y"
52951,"n"
52952,"y"
52953,"y"
52954,"y"
52955,"y"
52956,"y"
52957,"n"
52958,"n"
52959,"y"
52960,"n"
52961,"y"
52962,"n"
52963,"y"
52964,"n"
52965,"y"
52966,"y"
52967,"n"
52968,"n"
52969,"n"
52970,"n"
52971,"y"
52972,"n"
52973,"n"
52974,"y"
52975,"n"
52976,"y"
52977,"n"
52978,"n"
52979,"n"
52980,"y"
52981,"y"
52982,"y"
52983,"n"
52984,"n"
52985,"y"
52986,"n"
52987,"n"
52988,"y"
52989,"y"
52990,"n"
52991,"y"
52992,"n"
52993,"y"
52994,"n"
52995,"y"
52996,"y"
52997,"n"
52998,"y"
52999,"y"
53000,"y"
53001,"n"
53002,"y"
53003,"n"
53004,"y"
53005,"n"
53006,"y"
53007,"y"
53008,"n"
53009,"y"
53010,"n"
53011,"n"
53012,"y"
53013,"y"
53014,"y"
53015,"y"
53016,"n"
53017,"y"
53018,"n"
53019,"n"
53020,"n"
53021,"n"
53022,"y"
53023,"y"
53024,"n"
53025,"y"
53026,"y"
53027,"n"
53028,"n"
53029,"y"
53030,"n"
53031,"n"
53032,"n"
53033,"y"
53034,"n"
53035,"y"
53036,"y"
53037,"y"
53038,"n"
53039,"y"
53040,"y"
53041,"y"
53042,"y"
53043,"n"
53044,"y"
53045,"n"
53046,"n"
53047,"n"
53048,"y"
53049,"n"
53050,"y"
53051,"n"
53052,"y"
53053,"n"
53054,"y"
53055,"n"
53056,"n"
53057,"y"
53058,"y"
53059,"y"
53060,"n"
53061,"y"
53062,"n"
53063,"y"
53064,"n"
53065,"y"
53066,"n"
53067,"y"
53068,"y"
53069,"n"
53070,"n"
53071,"n"
53072,"n"
53073,"y"
53074,"y"
53075,"n"
53076,"n"
53077,"y"
53078,"y"
53079,"n"
53080,"n"
53081,"n"
53082,"n"
53083,"y"
53084,"n"
53085,"y"
53086,"y"
53087,"n"
53088,"y"
53089,"n"
53090,"n"
53091,"y"
53092,"y"
53093,"y"
53094,"n"
53095,"n"
53096,"y"
53097,"y"
53098,"y"
53099,"y"
53100,"n"
53101,"n"
53102,"n"
53103,"n"
53104,"n"
53105,"y"
53106,"n"
53107,"y"
53108,"n"
53109,"y"
53110,"y"
53111,"n"
53112,"y"
53113,"y"
53114,"y"
53115,"n"
53116,"y"
53117,"n"
53118,"n"
53119,"y"
53120,"n"
53121,"n"
53122,"n"
53123,"y"
53124,"y"
53125,"y"
53126,"n"
53127,"n"
53128,"y"
53129,"y"
53130,"n"
53131,"y"
53132,"n"
53133,"n"
53134,"y"
53135,"y"
53136,"n"
53137,"n"
53138,"y"
53139,"n"
53140,"y"
53141,"y"
53142,"n"
53143,"n"
53144,"n"
53145,"y"
53146,"n"
53147,"y"
53148,"y"
53149,"y"
53150,"n"
53151,"n"
53152,"n"
53153,"y"
53154,"y"
53155,"n"
53156,"n"
53157,"n"
53158,"y"
53159,"y"
53160,"n"
53161,"y"
53162,"n"
53163,"y"
53164,"y"
53165,"y"
53166,"y"
53167,"n"
53168,"y"
53169,"n"
53170,"n"
53171,"y"
53172,"n"
53173,"n"
53174,"y"
53175,"n"
53176,"y"
53177,"n"
53178,"n"
53179,"n"
53180,"n"
53181,"n"
53182,"n"
53183,"y"
53184,"n"
53185,"y"
53186,"y"
53187,"n"
53188,"y"
53189,"y"
53190,"n"
53191,"y"
53192,"y"
53193,"n"
53194,"n"
53195,"y"
53196,"y"
53197,"y"
53198,"y"
53199,"n"
53200,"n"
53201,"y"
53202,"y"
53203,"n"
53204,"y"
53205,"n"
53206,"y"
53207,"n"
53208,"n"
53209,"y"
53210,"y"
53211,"y"
53212,"y"
53213,"y"
53214,"n"
53215,"y"
53216,"n"
53217,"y"
53218,"y"
53219,"n"
53220,"y"
53221,"y"
53222,"n"
53223,"y"
53224,"y"
53225,"n"
53226,"y"
53227,"n"
53228,"n"
53229,"n"
53230,"y"
53231,"y"
53232,"n"
53233,"y"
53234,"n"
53235,"y"
53236,"n"
53237,"n"
53238,"y"
53239,"n"
53240,"n"
53241,"y"
53242,"n"
53243,"y"
53244,"n"
53245,"y"
53246,"n"
53247,"y"
53248,"y"
53249,"y"
53250,"y"
53251,"y"
53252,"n"
53253,"y"
53254,"y"
53255,"n"
53256,"y"
53257,"y"
53258,"y"
53259,"n"
53260,"n"
53261,"n"
53262,"y"
53263,"n"
53264,"y"
53265,"n"
53266,"n"
53267,"n"
53268,"n"
53269,"y"
53270,"y"
53271,"n"
53272,"y"
53273,"n"
53274,"n"
53275,"y"
53276,"y"
53277,"y"
53278,"n"
53279,"n"
53280,"n"
53281,"n"
53282,"y"
53283,"n"
53284,"n"
53285,"n"
53286,"y"
53287,"y"
53288,"y"
53289,"y"
53290,"y"
53291,"y"
53292,"y"
53293,"n"
53294,"n"
53295,"n"
53296,"y"
53297,"y"
53298,"n"
53299,"y"
53300,"y"
53301,"y"
53302,"y"
53303,"y"
53304,"n"
53305,"n"
53306,"n"
53307,"n"
53308,"n"
53309,"y"
53310,"y"
53311,"n"
53312,"n"
53313,"y"
53314,"n"
53315,"n"
53316,"n"
53317,"n"
53318,"y"
53319,"n"
53320,"y"
53321,"n"
53322,"n"
53323,"n"
53324,"y"
53325,"y"
53326,"n"
53327,"y"
53328,"n"
53329,"n"
53330,"n"
53331,"n"
53332,"n"
53333,"n"
53334,"n"
53335,"n"
53336,"y"
53337,"y"
53338,"y"
53339,"n"
53340,"y"
53341,"y"
53342,"n"
53343,"n"
53344,"y"
53345,"n"
53346,"n"
53347,"y"
53348,"n"
53349,"n"
53350,"y"
53351,"y"
53352,"y"
53353,"y"
53354,"n"
53355,"y"
53356,"n"
53357,"n"
53358,"n"
53359,"y"
53360,"y"
53361,"y"
53362,"y"
53363,"y"
53364,"n"
53365,"n"
53366,"n"
53367,"n"
53368,"n"
53369,"n"
53370,"n"
53371,"y"
53372,"n"
53373,"y"
53374,"n"
53375,"y"
53376,"n"
53377,"y"
53378,"y"
53379,"n"
53380,"y"
53381,"n"
53382,"y"
53383,"y"
53384,"n"
53385,"y"
53386,"n"
53387,"n"
53388,"y"
53389,"n"
53390,"y"
53391,"n"
53392,"n"
53393,"n"
53394,"n"
53395,"n"
53396,"n"
53397,"y"
53398,"n"
53399,"n"
53400,"n"
53401,"y"
53402,"y"
53403,"y"
53404,"y"
53405,"y"
53406,"n"
53407,"n"
53408,"n"
53409,"n"
53410,"y"
53411,"n"
53412,"n"
53413,"y"
53414,"n"
53415,"n"
53416,"y"
53417,"y"
53418,"y"
53419,"y"
53420,"y"
53421,"n"
53422,"y"
53423,"n"
53424,"n"
53425,"n"
53426,"y"
53427,"n"
53428,"y"
53429,"n"
53430,"n"
53431,"n"
53432,"y"
53433,"y"
53434,"n"
53435,"n"
53436,"y"
53437,"y"
53438,"n"
53439,"n"
53440,"y"
53441,"y"
53442,"n"
53443,"y"
53444,"n"
53445,"y"
53446,"y"
53447,"n"
53448,"y"
53449,"y"
53450,"n"
53451,"y"
53452,"n"
53453,"y"
53454,"n"
53455,"n"
53456,"n"
53457,"n"
53458,"n"
53459,"y"
53460,"n"
53461,"y"
53462,"n"
53463,"y"
53464,"y"
53465,"y"
53466,"n"
53467,"y"
53468,"n"
53469,"y"
53470,"n"
53471,"y"
53472,"y"
53473,"y"
53474,"y"
53475,"n"
53476,"y"
53477,"n"
53478,"y"
53479,"n"
53480,"y"
53481,"y"
53482,"y"
53483,"n"
53484,"n"
53485,"n"
53486,"n"
53487,"y"
53488,"n"
53489,"y"
53490,"y"
53491,"n"
53492,"y"
53493,"y"
53494,"n"
53495,"n"
53496,"n"
53497,"n"
53498,"y"
53499,"y"
53500,"y"
53501,"y"
53502,"n"
53503,"n"
53504,"y"
53505,"y"
53506,"n"
53507,"n"
53508,"n"
53509,"y"
53510,"y"
53511,"n"
53512,"y"
53513,"n"
53514,"y"
53515,"y"
53516,"y"
53517,"y"
53518,"n"
53519,"n"
53520,"n"
53521,"n"
53522,"y"
53523,"y"
53524,"n"
53525,"y"
53526,"y"
53527,"y"
53528,"n"
53529,"n"
53530,"y"
53531,"y"
53532,"y"
53533,"n"
53534,"y"
53535,"n"
53536,"y"
53537,"y"
53538,"y"
53539,"n"
53540,"n"
53541,"y"
53542,"n"
53543,"y"
53544,"y"
53545,"n"
53546,"n"
53547,"n"
53548,"y"
53549,"n"
53550,"y"
53551,"y"
53552,"y"
53553,"y"
53554,"y"
53555,"n"
53556,"y"
53557,"n"
53558,"y"
53559,"y"
53560,"y"
53561,"n"
53562,"n"
53563,"y"
53564,"y"
53565,"y"
53566,"y"
53567,"y"
53568,"n"
53569,"n"
53570,"y"
53571,"n"
53572,"y"
53573,"y"
53574,"y"
53575,"y"
53576,"y"
53577,"y"
53578,"y"
53579,"n"
53580,"n"
53581,"n"
53582,"y"
53583,"y"
53584,"y"
53585,"y"
53586,"y"
53587,"y"
53588,"y"
53589,"y"
53590,"n"
53591,"y"
53592,"y"
53593,"n"
53594,"n"
53595,"n"
53596,"y"
53597,"y"
53598,"n"
53599,"y"
53600,"n"
53601,"y"
53602,"y"
53603,"y"
53604,"n"
53605,"n"
53606,"n"
53607,"y"
53608,"y"
53609,"y"
53610,"n"
53611,"n"
53612,"n"
53613,"n"
53614,"n"
53615,"y"
53616,"n"
53617,"y"
53618,"n"
53619,"n"
53620,"n"
53621,"n"
53622,"y"
53623,"n"
53624,"n"
53625,"n"
53626,"y"
53627,"n"
53628,"y"
53629,"n"
53630,"y"
53631,"n"
53632,"n"
53633,"y"
53634,"n"
53635,"n"
53636,"y"
53637,"n"
53638,"n"
53639,"y"
53640,"n"
53641,"n"
53642,"y"
53643,"y"
53644,"n"
53645,"n"
53646,"n"
53647,"y"
53648,"y"
53649,"n"
53650,"y"
53651,"y"
53652,"n"
53653,"y"
53654,"n"
53655,"n"
53656,"y"
53657,"n"
53658,"n"
53659,"n"
53660,"n"
53661,"n"
53662,"y"
53663,"y"
53664,"n"
53665,"y"
53666,"n"
53667,"y"
53668,"y"
53669,"y"
53670,"y"
53671,"n"
53672,"y"
53673,"n"
53674,"y"
53675,"n"
53676,"n"
53677,"n"
53678,"n"
53679,"n"
53680,"n"
53681,"n"
53682,"n"
53683,"n"
53684,"y"
53685,"n"
53686,"y"
53687,"n"
53688,"y"
53689,"y"
53690,"n"
53691,"y"
53692,"n"
53693,"n"
53694,"n"
53695,"n"
53696,"n"
53697,"n"
53698,"y"
53699,"n"
53700,"n"
53701,"y"
53702,"y"
53703,"n"
53704,"y"
53705,"n"
53706,"n"
53707,"n"
53708,"y"
53709,"y"
53710,"n"
53711,"y"
53712,"y"
53713,"y"
53714,"y"
53715,"n"
53716,"y"
53717,"n"
53718,"y"
53719,"y"
53720,"y"
53721,"y"
53722,"n"
53723,"n"
53724,"y"
53725,"n"
53726,"n"
53727,"y"
53728,"n"
53729,"y"
53730,"n"
53731,"n"
53732,"y"
53733,"y"
53734,"n"
53735,"n"
53736,"n"
53737,"n"
53738,"y"
53739,"y"
53740,"y"
53741,"n"
53742,"n"
53743,"n"
53744,"y"
53745,"n"
53746,"n"
53747,"y"
53748,"n"
53749,"y"
53750,"n"
53751,"n"
53752,"y"
53753,"n"
53754,"y"
53755,"y"
53756,"n"
53757,"n"
53758,"n"
53759,"n"
53760,"n"
53761,"n"
53762,"n"
53763,"n"
53764,"y"
53765,"n"
53766,"y"
53767,"n"
53768,"y"
53769,"y"
53770,"y"
53771,"y"
53772,"n"
53773,"y"
53774,"n"
53775,"y"
53776,"y"
53777,"y"
53778,"n"
53779,"n"
53780,"y"
53781,"n"
53782,"y"
53783,"n"
53784,"n"
53785,"y"
53786,"y"
53787,"y"
53788,"y"
53789,"n"
53790,"n"
53791,"n"
53792,"n"
53793,"n"
53794,"n"
53795,"n"
53796,"y"
53797,"y"
53798,"n"
53799,"n"
53800,"y"
53801,"y"
53802,"y"
53803,"y"
53804,"n"
53805,"y"
53806,"n"
53807,"n"
53808,"n"
53809,"y"
53810,"n"
53811,"n"
53812,"y"
53813,"y"
53814,"y"
53815,"y"
53816,"y"
53817,"y"
53818,"n"
53819,"n"
53820,"n"
53821,"n"
53822,"y"
53823,"y"
53824,"y"
53825,"y"
53826,"n"
53827,"n"
53828,"n"
53829,"n"
53830,"n"
53831,"y"
53832,"y"
53833,"n"
53834,"y"
53835,"n"
53836,"y"
53837,"y"
53838,"y"
53839,"y"
53840,"n"
53841,"n"
53842,"y"
53843,"y"
53844,"y"
53845,"n"
53846,"n"
53847,"y"
53848,"n"
53849,"n"
53850,"n"
53851,"n"
53852,"n"
53853,"n"
53854,"y"
53855,"n"
53856,"n"
53857,"n"
53858,"y"
53859,"y"
53860,"n"
53861,"n"
53862,"n"
53863,"y"
53864,"n"
53865,"n"
53866,"y"
53867,"y"
53868,"y"
53869,"n"
53870,"n"
53871,"n"
53872,"n"
53873,"n"
53874,"n"
53875,"n"
53876,"n"
53877,"n"
53878,"n"
53879,"y"
53880,"y"
53881,"y"
53882,"n"
53883,"y"
53884,"n"
53885,"n"
53886,"n"
53887,"n"
53888,"y"
53889,"n"
53890,"n"
53891,"y"
53892,"y"
53893,"n"
53894,"y"
53895,"n"
53896,"y"
53897,"y"
53898,"n"
53899,"n"
53900,"y"
53901,"y"
53902,"n"
53903,"y"
53904,"n"
53905,"n"
53906,"y"
53907,"y"
53908,"y"
53909,"n"
53910,"y"
53911,"n"
53912,"n"
53913,"y"
53914,"n"
53915,"n"
53916,"n"
53917,"y"
53918,"y"
53919,"y"
53920,"n"
53921,"y"
53922,"y"
53923,"n"
53924,"n"
53925,"y"
53926,"n"
53927,"y"
53928,"y"
53929,"n"
53930,"y"
53931,"y"
53932,"n"
53933,"y"
53934,"y"
53935,"n"
53936,"n"
53937,"y"
53938,"n"
53939,"y"
53940,"y"
53941,"n"
53942,"n"
53943,"n"
53944,"n"
53945,"y"
53946,"n"
53947,"n"
53948,"y"
53949,"n"
53950,"y"
53951,"n"
53952,"y"
53953,"n"
53954,"n"
53955,"y"
53956,"n"
53957,"y"
53958,"n"
53959,"n"
53960,"y"
53961,"y"
53962,"n"
53963,"y"
53964,"n"
53965,"n"
53966,"y"
53967,"n"
53968,"y"
53969,"y"
53970,"n"
53971,"n"
53972,"y"
53973,"n"
53974,"n"
53975,"y"
53976,"y"
53977,"y"
53978,"n"
53979,"y"
53980,"n"
53981,"n"
53982,"y"
53983,"y"
53984,"n"
53985,"n"
53986,"y"
53987,"y"
53988,"n"
53989,"y"
53990,"n"
53991,"y"
53992,"n"
53993,"n"
53994,"n"
53995,"y"
53996,"y"
53997,"y"
53998,"y"
53999,"y"
54000,"y"
54001,"n"
54002,"n"
54003,"n"
54004,"n"
54005,"y"
54006,"n"
54007,"n"
54008,"n"
54009,"y"
54010,"y"
54011,"n"
54012,"y"
54013,"n"
54014,"n"
54015,"n"
54016,"y"
54017,"n"
54018,"n"
54019,"n"
54020,"y"
54021,"y"
54022,"n"
54023,"n"
54024,"y"
54025,"y"
54026,"n"
54027,"n"
54028,"y"
54029,"y"
54030,"n"
54031,"y"
54032,"n"
54033,"n"
54034,"y"
54035,"y"
54036,"n"
54037,"y"
54038,"y"
54039,"n"
54040,"n"
54041,"y"
54042,"n"
54043,"n"
54044,"n"
54045,"n"
54046,"n"
54047,"n"
54048,"y"
54049,"y"
54050,"y"
54051,"n"
54052,"n"
54053,"y"
54054,"n"
54055,"n"
54056,"y"
54057,"y"
54058,"n"
54059,"y"
54060,"n"
54061,"y"
54062,"y"
54063,"y"
54064,"n"
54065,"y"
54066,"y"
54067,"n"
54068,"n"
54069,"y"
54070,"y"
54071,"n"
54072,"y"
54073,"n"
54074,"n"
54075,"y"
54076,"n"
54077,"n"
54078,"n"
54079,"n"
54080,"n"
54081,"n"
54082,"y"
54083,"y"
54084,"y"
54085,"y"
54086,"y"
54087,"n"
54088,"n"
54089,"y"
54090,"y"
54091,"n"
54092,"n"
54093,"n"
54094,"y"
54095,"y"
54096,"y"
54097,"y"
54098,"y"
54099,"y"
54100,"n"
54101,"n"
54102,"n"
54103,"y"
54104,"y"
54105,"n"
54106,"n"
54107,"n"
54108,"n"
54109,"n"
54110,"n"
54111,"n"
54112,"y"
54113,"y"
54114,"n"
54115,"y"
54116,"y"
54117,"y"
54118,"y"
54119,"y"
54120,"n"
54121,"y"
54122,"n"
54123,"y"
54124,"y"
54125,"y"
54126,"n"
54127,"n"
54128,"n"
54129,"y"
54130,"y"
54131,"n"
54132,"n"
54133,"y"
54134,"n"
54135,"y"
54136,"n"
54137,"n"
54138,"y"
54139,"n"
54140,"n"
54141,"y"
54142,"n"
54143,"y"
54144,"y"
54145,"n"
54146,"y"
54147,"n"
54148,"y"
54149,"n"
54150,"n"
54151,"n"
54152,"y"
54153,"y"
54154,"n"
54155,"n"
54156,"n"
54157,"y"
54158,"y"
54159,"n"
54160,"n"
54161,"y"
54162,"n"
54163,"n"
54164,"n"
54165,"n"
54166,"n"
54167,"n"
54168,"n"
54169,"n"
54170,"n"
54171,"y"
54172,"y"
54173,"y"
54174,"n"
54175,"y"
54176,"n"
54177,"y"
54178,"n"
54179,"y"
54180,"n"
54181,"n"
54182,"y"
54183,"y"
54184,"n"
54185,"n"
54186,"y"
54187,"y"
54188,"y"
54189,"n"
54190,"y"
54191,"y"
54192,"y"
54193,"n"
54194,"y"
54195,"y"
54196,"y"
54197,"n"
54198,"y"
54199,"n"
54200,"n"
54201,"y"
54202,"y"
54203,"n"
54204,"y"
54205,"y"
54206,"y"
54207,"n"
54208,"n"
54209,"y"
54210,"n"
54211,"n"
54212,"n"
54213,"n"
54214,"y"
54215,"y"
54216,"n"
54217,"n"
54218,"y"
54219,"n"
54220,"y"
54221,"n"
54222,"n"
54223,"y"
54224,"n"
54225,"y"
54226,"y"
54227,"y"
54228,"n"
54229,"n"
54230,"n"
54231,"y"
54232,"y"
54233,"n"
54234,"y"
54235,"n"
54236,"n"
54237,"y"
54238,"y"
54239,"n"
54240,"y"
54241,"n"
54242,"n"
54243,"y"
54244,"y"
54245,"y"
54246,"n"
54247,"y"
54248,"y"
54249,"n"
54250,"y"
54251,"y"
54252,"n"
54253,"y"
54254,"y"
54255,"y"
54256,"y"
54257,"n"
54258,"y"
54259,"n"
54260,"y"
54261,"y"
54262,"y"
54263,"n"
54264,"y"
54265,"y"
54266,"y"
54267,"n"
54268,"y"
54269,"y"
54270,"y"
54271,"y"
54272,"n"
54273,"y"
54274,"y"
54275,"y"
54276,"y"
54277,"n"
54278,"n"
54279,"y"
54280,"n"
54281,"y"
54282,"n"
54283,"y"
54284,"n"
54285,"y"
54286,"y"
54287,"y"
54288,"n"
54289,"n"
54290,"n"
54291,"n"
54292,"y"
54293,"y"
54294,"y"
54295,"n"
54296,"y"
54297,"n"
54298,"n"
54299,"n"
54300,"y"
54301,"n"
54302,"n"
54303,"y"
54304,"y"
54305,"y"
54306,"y"
54307,"n"
54308,"y"
54309,"n"
54310,"y"
54311,"n"
54312,"n"
54313,"y"
54314,"n"
54315,"y"
54316,"y"
54317,"n"
54318,"n"
54319,"n"
54320,"n"
54321,"y"
54322,"n"
54323,"n"
54324,"y"
54325,"n"
54326,"y"
54327,"n"
54328,"n"
54329,"y"
54330,"y"
54331,"n"
54332,"y"
54333,"n"
54334,"n"
54335,"y"
54336,"y"
54337,"y"
54338,"y"
54339,"y"
54340,"n"
54341,"y"
54342,"y"
54343,"n"
54344,"n"
54345,"n"
54346,"y"
54347,"n"
54348,"y"
54349,"n"
54350,"n"
54351,"y"
54352,"n"
54353,"n"
54354,"n"
54355,"n"
54356,"n"
54357,"y"
54358,"n"
54359,"y"
54360,"n"
54361,"n"
54362,"n"
54363,"n"
54364,"y"
54365,"y"
54366,"y"
54367,"y"
54368,"y"
54369,"n"
54370,"n"
54371,"y"
54372,"y"
54373,"n"
54374,"y"
54375,"n"
54376,"y"
54377,"y"
54378,"y"
54379,"n"
54380,"y"
54381,"n"
54382,"y"
54383,"y"
54384,"n"
54385,"y"
54386,"n"
54387,"n"
54388,"y"
54389,"n"
54390,"y"
54391,"y"
54392,"n"
54393,"y"
54394,"y"
54395,"n"
54396,"y"
54397,"y"
54398,"y"
54399,"y"
54400,"n"
54401,"n"
54402,"n"
54403,"y"
54404,"y"
54405,"n"
54406,"y"
54407,"y"
54408,"y"
54409,"y"
54410,"n"
54411,"n"
54412,"n"
54413,"y"
54414,"y"
54415,"n"
54416,"n"
54417,"n"
54418,"n"
54419,"y"
54420,"n"
54421,"y"
54422,"n"
54423,"n"
54424,"n"
54425,"n"
54426,"n"
54427,"y"
54428,"y"
54429,"n"
54430,"y"
54431,"y"
54432,"n"
54433,"y"
54434,"y"
54435,"n"
54436,"n"
54437,"n"
54438,"n"
54439,"y"
54440,"y"
54441,"y"
54442,"y"
54443,"y"
54444,"y"
54445,"n"
54446,"n"
54447,"y"
54448,"n"
54449,"y"
54450,"n"
54451,"y"
54452,"n"
54453,"y"
54454,"y"
54455,"y"
54456,"y"
54457,"n"
54458,"y"
54459,"n"
54460,"y"
54461,"y"
54462,"n"
54463,"n"
54464,"y"
54465,"y"
54466,"n"
54467,"n"
54468,"n"
54469,"y"
54470,"n"
54471,"y"
54472,"y"
54473,"n"
54474,"n"
54475,"y"
54476,"y"
54477,"n"
54478,"y"
54479,"n"
54480,"n"
54481,"n"
54482,"y"
54483,"y"
54484,"y"
54485,"y"
54486,"y"
54487,"y"
54488,"y"
54489,"y"
54490,"y"
54491,"y"
54492,"y"
54493,"n"
54494,"n"
54495,"n"
54496,"n"
54497,"n"
54498,"n"
54499,"n"
54500,"n"
54501,"n"
54502,"n"
54503,"n"
54504,"n"
54505,"n"
54506,"n"
54507,"n"
54508,"n"
54509,"n"
54510,"y"
54511,"n"
54512,"n"
54513,"n"
54514,"n"
54515,"y"
54516,"n"
54517,"y"
54518,"y"
54519,"y"
54520,"n"
54521,"n"
54522,"y"
54523,"y"
54524,"y"
54525,"n"
54526,"n"
54527,"n"
54528,"y"
54529,"n"
54530,"n"
54531,"y"
54532,"n"
54533,"y"
54534,"n"
54535,"y"
54536,"y"
54537,"y"
54538,"n"
54539,"n"
54540,"n"
54541,"n"
54542,"n"
54543,"y"
54544,"y"
54545,"y"
54546,"y"
54547,"y"
54548,"n"
54549,"y"
54550,"y"
54551,"n"
54552,"y"
54553,"n"
54554,"n"
54555,"y"
54556,"n"
54557,"n"
54558,"y"
54559,"n"
54560,"y"
54561,"n"
54562,"y"
54563,"n"
54564,"y"
54565,"y"
54566,"y"
54567,"n"
54568,"y"
54569,"y"
54570,"n"
54571,"y"
54572,"n"
54573,"y"
54574,"n"
54575,"n"
54576,"y"
54577,"y"
54578,"y"
54579,"n"
54580,"n"
54581,"n"
54582,"n"
54583,"n"
54584,"y"
54585,"n"
54586,"n"
54587,"n"
54588,"n"
54589,"n"
54590,"n"
54591,"n"
54592,"n"
54593,"n"
54594,"y"
54595,"n"
54596,"n"
54597,"n"
54598,"n"
54599,"y"
54600,"y"
54601,"n"
54602,"n"
54603,"y"
54604,"n"
54605,"y"
54606,"y"
54607,"y"
54608,"y"
54609,"y"
54610,"n"
54611,"n"
54612,"n"
54613,"n"
54614,"n"
54615,"y"
54616,"y"
54617,"y"
54618,"n"
54619,"n"
54620,"n"
54621,"y"
54622,"n"
54623,"y"
54624,"y"
54625,"y"
54626,"y"
54627,"n"
54628,"y"
54629,"n"
54630,"n"
54631,"n"
54632,"n"
54633,"n"
54634,"n"
54635,"n"
54636,"y"
54637,"y"
54638,"y"
54639,"y"
54640,"n"
54641,"y"
54642,"y"
54643,"y"
54644,"n"
54645,"y"
54646,"n"
54647,"n"
54648,"y"
54649,"y"
54650,"y"
54651,"n"
54652,"n"
54653,"n"
54654,"n"
54655,"n"
54656,"y"
54657,"n"
54658,"n"
54659,"y"
54660,"y"
54661,"n"
54662,"y"
54663,"y"
54664,"n"
54665,"y"
54666,"y"
54667,"n"
54668,"n"
54669,"y"
54670,"y"
54671,"n"
54672,"y"
54673,"n"
54674,"y"
54675,"n"
54676,"n"
54677,"n"
54678,"n"
54679,"y"
54680,"n"
54681,"n"
54682,"y"
54683,"y"
54684,"y"
54685,"y"
54686,"y"
54687,"n"
54688,"n"
54689,"n"
54690,"y"
54691,"y"
54692,"y"
54693,"n"
54694,"y"
54695,"y"
54696,"n"
54697,"y"
54698,"y"
54699,"y"
54700,"n"
54701,"y"
54702,"y"
54703,"n"
54704,"y"
54705,"n"
54706,"y"
54707,"n"
54708,"y"
54709,"y"
54710,"y"
54711,"n"
54712,"n"
54713,"n"
54714,"y"
54715,"y"
54716,"n"
54717,"y"
54718,"y"
54719,"y"
54720,"y"
54721,"n"
54722,"n"
54723,"n"
54724,"n"
54725,"y"
54726,"y"
54727,"y"
54728,"n"
54729,"n"
54730,"n"
54731,"n"
54732,"n"
54733,"y"
54734,"n"
54735,"y"
54736,"n"
54737,"n"
54738,"y"
54739,"n"
54740,"n"
54741,"y"
54742,"n"
54743,"y"
54744,"y"
54745,"y"
54746,"y"
54747,"y"
54748,"n"
54749,"y"
54750,"y"
54751,"y"
54752,"y"
54753,"n"
54754,"y"
54755,"y"
54756,"y"
54757,"n"
54758,"n"
54759,"y"
54760,"n"
54761,"y"
54762,"n"
54763,"y"
54764,"n"
54765,"n"
54766,"n"
54767,"y"
54768,"n"
54769,"y"
54770,"n"
54771,"y"
54772,"y"
54773,"y"
54774,"y"
54775,"n"
54776,"y"
54777,"y"
54778,"n"
54779,"y"
54780,"n"
54781,"y"
54782,"y"
54783,"n"
54784,"y"
54785,"y"
54786,"y"
54787,"n"
54788,"y"
54789,"y"
54790,"y"
54791,"y"
54792,"n"
54793,"n"
54794,"n"
54795,"y"
54796,"y"
54797,"n"
54798,"y"
54799,"y"
54800,"y"
54801,"y"
54802,"n"
54803,"n"
54804,"y"
54805,"n"
54806,"y"
54807,"n"
54808,"y"
54809,"n"
54810,"n"
54811,"n"
54812,"y"
54813,"n"
54814,"y"
54815,"n"
54816,"n"
54817,"y"
54818,"n"
54819,"y"
54820,"y"
54821,"y"
54822,"y"
54823,"n"
54824,"y"
54825,"n"
54826,"y"
54827,"n"
54828,"y"
54829,"y"
54830,"n"
54831,"y"
54832,"y"
54833,"y"
54834,"n"
54835,"n"
54836,"n"
54837,"y"
54838,"n"
54839,"n"
54840,"n"
54841,"n"
54842,"y"
54843,"y"
54844,"n"
54845,"n"
54846,"y"
54847,"n"
54848,"n"
54849,"y"
54850,"y"
54851,"n"
54852,"n"
54853,"y"
54854,"n"
54855,"y"
54856,"n"
54857,"y"
54858,"y"
54859,"n"
54860,"n"
54861,"n"
54862,"y"
54863,"n"
54864,"n"
54865,"y"
54866,"n"
54867,"y"
54868,"n"
54869,"n"
54870,"y"
54871,"y"
54872,"y"
54873,"y"
54874,"y"
54875,"n"
54876,"y"
54877,"n"
54878,"y"
54879,"y"
54880,"y"
54881,"y"
54882,"y"
54883,"n"
54884,"y"
54885,"y"
54886,"y"
54887,"n"
54888,"y"
54889,"n"
54890,"y"
54891,"n"
54892,"y"
54893,"y"
54894,"n"
54895,"n"
54896,"y"
54897,"y"
54898,"y"
54899,"y"
54900,"n"
54901,"n"
54902,"y"
54903,"n"
54904,"y"
54905,"n"
54906,"y"
54907,"y"
54908,"y"
54909,"n"
54910,"n"
54911,"y"
54912,"y"
54913,"n"
54914,"n"
54915,"y"
54916,"n"
54917,"n"
54918,"n"
54919,"y"
54920,"y"
54921,"n"
54922,"n"
54923,"n"
54924,"n"
54925,"n"
54926,"y"
54927,"n"
54928,"y"
54929,"y"
54930,"y"
54931,"y"
54932,"n"
54933,"y"
54934,"n"
54935,"n"
54936,"y"
54937,"y"
54938,"n"
54939,"n"
54940,"n"
54941,"y"
54942,"y"
54943,"n"
54944,"n"
54945,"n"
54946,"y"
54947,"n"
54948,"n"
54949,"y"
54950,"n"
54951,"n"
54952,"n"
54953,"y"
54954,"n"
54955,"n"
54956,"n"
54957,"n"
54958,"n"
54959,"y"
54960,"y"
54961,"n"
54962,"y"
54963,"n"
54964,"y"
54965,"y"
54966,"y"
54967,"n"
54968,"n"
54969,"n"
54970,"n"
54971,"y"
54972,"y"
54973,"n"
54974,"n"
54975,"y"
54976,"n"
54977,"n"
54978,"n"
54979,"n"
54980,"n"
54981,"n"
54982,"n"
54983,"y"
54984,"y"
54985,"y"
54986,"n"
54987,"y"
54988,"y"
54989,"y"
54990,"y"
54991,"y"
54992,"y"
54993,"y"
54994,"n"
54995,"y"
54996,"n"
54997,"n"
54998,"n"
54999,"y"
55000,"y"
55001,"n"
55002,"y"
55003,"y"
55004,"y"
55005,"y"
55006,"y"
55007,"n"
55008,"y"
55009,"y"
55010,"y"
55011,"n"
55012,"n"
55013,"n"
55014,"y"
55015,"y"
55016,"n"
55017,"y"
55018,"y"
55019,"y"
55020,"n"
55021,"y"
55022,"n"
55023,"n"
55024,"n"
55025,"n"
55026,"y"
55027,"n"
55028,"y"
55029,"y"
55030,"n"
55031,"n"
55032,"n"
55033,"n"
55034,"n"
55035,"n"
55036,"y"
55037,"n"
55038,"y"
55039,"n"
55040,"y"
55041,"n"
55042,"n"
55043,"n"
55044,"n"
55045,"y"
55046,"n"
55047,"y"
55048,"y"
55049,"n"
55050,"y"
55051,"n"
55052,"n"
55053,"y"
55054,"n"
55055,"n"
55056,"n"
55057,"y"
55058,"n"
55059,"y"
55060,"y"
55061,"y"
55062,"y"
55063,"y"
55064,"n"
55065,"n"
55066,"y"
55067,"y"
55068,"y"
55069,"n"
55070,"y"
55071,"n"
55072,"y"
55073,"y"
55074,"y"
55075,"n"
55076,"n"
55077,"n"
55078,"y"
55079,"n"
55080,"y"
55081,"y"
55082,"y"
55083,"y"
55084,"y"
55085,"n"
55086,"n"
55087,"n"
55088,"y"
55089,"y"
55090,"n"
55091,"n"
55092,"y"
55093,"n"
55094,"y"
55095,"n"
55096,"y"
55097,"n"
55098,"n"
55099,"y"
55100,"n"
55101,"y"
55102,"n"
55103,"y"
55104,"y"
55105,"y"
55106,"y"
55107,"n"
55108,"n"
55109,"y"
55110,"n"
55111,"n"
